 id,time,value
1,2023:12:13 08:06:45,21454.5
1,2023:12:13 08:07:45,38832.2
1,2023:12:13 08:08:45,21253.1
1,2023:12:13 08:09:45,11481.9
1,2023:12:13 08:10:45,28791.7
1,2023:12:13 08:11:45,29381.9
1,2023:12:13 08:12:45,21085.8
1,2023:12:13 08:13:45,10285.6
1,2023:12:13 08:14:45,1106.41
1,2023:12:13 08:15:45,21818.1
1,2023:12:13 08:16:45,14432.9
1,2023:12:13 08:17:45,27070.1
1,2023:12:13 08:18:45,13387.6
1,2023:12:13 08:19:45,17784.3
1,2023:12:13 08:20:45,29742.3
1,2023:12:13 08:21:45,1071.46
1,2023:12:13 08:22:45,10628
1,2023:12:13 08:23:45,13237.6
1,2023:12:13 08:24:45,3286.48
1,2023:12:13 08:25:45,15516
1,2023:12:13 08:26:45,14678.1
1,2023:12:13 08:27:45,32389.6
1,2023:12:13 08:28:45,28860.4
1,2023:12:13 08:29:45,12177.7
1,2023:12:13 08:30:45,5729.49
1,2023:12:13 08:31:45,17954.9
1,2023:12:13 08:32:45,25477
1,2023:12:13 08:33:45,6321.74
1,2023:12:13 08:34:45,36671.2
1,2023:12:13 08:35:45,3950.97
1,2023:12:13 08:36:45,8661.42
1,2023:12:13 08:37:45,23235.5
1,2023:12:13 08:38:45,2783.2
1,2023:12:13 08:39:45,29914.4
1,2023:12:13 08:40:45,34717.3
1,2023:12:13 08:41:45,36684.7
1,2023:12:13 08:42:45,24406.2
1,2023:12:13 08:43:45,20912.9
1,2023:12:13 08:44:45,12080
1,2023:12:13 08:45:45,25512.5
1,2023:12:13 08:46:45,2730.93
1,2023:12:13 08:47:45,31622.7
1,2023:12:13 08:48:45,17692.4
1,2023:12:13 08:49:45,16118.4
1,2023:12:13 08:50:45,9407.03
1,2023:12:13 08:51:45,7434.73
1,2023:12:13 08:52:45,22299.6
1,2023:12:13 08:53:45,25144.8
1,2023:12:13 08:54:45,20672.2
1,2023:12:13 08:55:45,25586
1,2023:12:13 08:56:45,660.71
1,2023:12:13 08:57:45,460.17
1,2023:12:13 08:58:45,23085.4
1,2023:12:13 08:59:45,29521
1,2023:12:13 09:00:45,12637.7
1,2023:12:13 09:01:45,28814.8
1,2023:12:13 09:02:45,12585.7
1,2023:12:13 09:03:45,3224.5
1,2023:12:13 09:04:45,246.38
1,2023:12:13 09:05:45,9256.87
1,2023:12:13 09:06:45,12285.2
1,2023:12:13 09:07:45,8907.71
1,2023:12:13 09:08:45,37602.1
1,2023:12:13 09:09:45,15068.3
1,2023:12:13 09:10:45,38822
1,2023:12:13 09:11:45,37429.2
1,2023:12:13 09:12:45,16862.8
1,2023:12:13 09:13:45,28338
1,2023:12:13 09:14:45,18342
1,2023:12:13 09:15:45,28942.7
1,2023:12:13 09:16:45,13850.4
1,2023:12:13 09:17:45,21072.9
1,2023:12:13 09:18:45,20565.4
1,2023:12:13 09:19:45,31542.7
1,2023:12:13 09:20:45,2301.13
1,2023:12:13 09:21:45,35082.1
1,2023:12:13 09:22:45,38977.4
1,2023:12:13 09:23:45,24600.6
1,2023:12:13 09:24:45,20226.9
1,2023:12:13 09:25:45,24759.4
1,2023:12:13 09:26:45,15296.5
1,2023:12:13 09:27:45,25997.3
1,2023:12:13 09:28:45,25219.5
1,2023:12:13 09:29:45,3491.71
1,2023:12:13 09:30:45,20628.2
1,2023:12:13 09:31:45,2967.03
1,2023:12:13 09:32:45,32306.4
1,2023:12:13 09:33:45,33213.8
1,2023:12:13 09:34:45,6191.43
1,2023:12:13 09:35:45,37662.5
1,2023:12:13 09:36:45,7580.45
1,2023:12:13 09:37:45,18476.5
1,2023:12:13 09:38:45,6570.25
1,2023:12:13 09:39:45,5182.53
1,2023:12:13 09:40:45,38654.5
1,2023:12:13 09:41:45,10502.1
1,2023:12:13 09:42:45,7721.51
1,2023:12:13 09:43:45,20627.1
1,2023:12:13 09:44:45,38839.9
1,2023:12:13 09:45:45,26063.5
1,2023:12:13 09:46:45,14679.6
1,2023:12:13 09:47:45,17800.2
1,2023:12:13 09:48:45,12246.1
1,2023:12:13 09:49:45,354.85
1,2023:12:13 09:50:45,9342.9
1,2023:12:13 09:51:45,19657
1,2023:12:13 09:52:45,546.81
1,2023:12:13 09:53:45,13430.1
1,2023:12:13 09:54:45,4257.64
1,2023:12:13 09:55:45,20773.6
1,2023:12:13 09:56:45,3299.32
1,2023:12:13 09:57:45,24663.8
1,2023:12:13 09:58:45,11880.8
1,2023:12:13 09:59:45,28518.7
1,2023:12:13 10:00:45,28155.4
1,2023:12:13 10:01:45,37618.6
1,2023:12:13 10:02:45,36595.5
1,2023:12:13 10:03:45,25571.7
1,2023:12:13 10:04:45,35942.2
1,2023:12:13 10:05:45,2786.9
1,2023:12:13 10:06:45,23234.2
1,2023:12:13 10:07:45,3522.68
1,2023:12:13 10:08:45,26373.1
1,2023:12:13 10:09:45,34914.2
1,2023:12:13 10:10:45,13814.9
1,2023:12:13 10:11:45,30137.5
1,2023:12:13 10:12:45,10526.1
1,2023:12:13 10:13:45,26646.2
1,2023:12:13 10:14:45,15874.5
1,2023:12:13 10:15:45,9366.01
1,2023:12:13 10:16:45,12709.6
1,2023:12:13 10:17:45,30554
1,2023:12:13 10:18:45,32275.9
1,2023:12:13 10:19:45,30065.5
1,2023:12:13 10:20:45,36018.6
1,2023:12:13 10:21:45,6728.63
1,2023:12:13 10:22:45,9722.49
1,2023:12:13 10:23:45,36565.3
1,2023:12:13 10:24:45,25268.4
1,2023:12:13 10:25:45,19089.8
1,2023:12:13 10:26:45,22448.7
1,2023:12:13 10:27:45,28567.7
1,2023:12:13 10:28:45,3753.68
1,2023:12:13 10:29:45,34329.4
1,2023:12:13 10:30:45,22196.2
1,2023:12:13 10:31:45,37018.8
1,2023:12:13 10:32:45,37057.8
1,2023:12:13 10:33:45,18791.7
1,2023:12:13 10:34:45,22590.5
1,2023:12:13 10:35:45,33000.1
1,2023:12:13 10:36:45,21578.5
1,2023:12:13 10:37:45,10934.6
1,2023:12:13 10:38:45,36522.6
1,2023:12:13 10:39:45,13061.4
1,2023:12:13 10:40:45,5848.77
1,2023:12:13 10:41:45,15447.4
1,2023:12:13 10:42:45,8308.75
1,2023:12:13 10:43:45,16374.8
1,2023:12:13 10:44:45,2093.55
1,2023:12:13 10:45:45,24183.1
1,2023:12:13 10:46:45,30850.5
1,2023:12:13 10:47:45,19912.9
1,2023:12:13 10:48:45,19846.9
1,2023:12:13 10:49:45,23126.4
1,2023:12:13 10:50:45,15088.2
1,2023:12:13 10:51:45,15865.5
1,2023:12:13 10:52:45,29854.9
1,2023:12:13 10:53:45,24810.6
1,2023:12:13 10:54:45,17540.6
1,2023:12:13 10:55:45,15123.4
1,2023:12:13 10:56:45,9010.26
1,2023:12:13 10:57:45,39989.2
1,2023:12:13 10:58:45,8800.87
1,2023:12:13 10:59:45,17873.7
1,2023:12:13 11:00:45,39428.4
1,2023:12:13 11:01:45,30997
1,2023:12:13 11:02:45,14892.5
1,2023:12:13 11:03:45,36486.2
1,2023:12:13 11:04:45,9788.64
1,2023:12:13 11:05:45,2592.84
1,2023:12:13 11:06:45,29486.2
1,2023:12:13 11:07:45,36476.8
1,2023:12:13 11:08:45,13527.3
1,2023:12:13 11:09:45,31118.7
1,2023:12:13 11:10:45,9538.25
1,2023:12:13 11:11:45,24485.8
1,2023:12:13 11:12:45,11675.9
1,2023:12:13 11:13:45,17846.9
1,2023:12:13 11:14:45,860.57
1,2023:12:13 11:15:45,13769.4
1,2023:12:13 11:16:45,7139.83
1,2023:12:13 11:17:45,36820.8
1,2023:12:13 11:18:45,38792
1,2023:12:13 11:19:45,32096.5
1,2023:12:13 11:20:45,19947.2
1,2023:12:13 11:21:45,13880.2
1,2023:12:13 11:22:45,7961.94
1,2023:12:13 11:23:45,14912
1,2023:12:13 11:24:45,3800.57
1,2023:12:13 11:25:45,25502.4
1,2023:12:13 11:26:45,35145.1
1,2023:12:13 11:27:45,12810.7
1,2023:12:13 11:28:45,30601.4
1,2023:12:13 11:29:45,3945.93
1,2023:12:13 11:30:45,30684.3
1,2023:12:13 11:31:45,30029.8
1,2023:12:13 11:32:45,34942.8
1,2023:12:13 11:33:45,5576.8
1,2023:12:13 11:34:45,26516
1,2023:12:13 11:35:45,4731.45
1,2023:12:13 11:36:45,13279.4
1,2023:12:13 11:37:45,21112
1,2023:12:13 11:38:45,6318.09
1,2023:12:13 11:39:45,26806.6
1,2023:12:13 11:40:45,12230.7
1,2023:12:13 11:41:45,15856.2
1,2023:12:13 11:42:45,11292.4
1,2023:12:13 11:43:45,23906.5
1,2023:12:13 11:44:45,38812.9
1,2023:12:13 11:45:45,17262.7
1,2023:12:13 11:46:45,2785.7
1,2023:12:13 11:47:45,11062.5
1,2023:12:13 11:48:45,14083.5
1,2023:12:13 11:49:45,6687.49
1,2023:12:13 11:50:45,3159
1,2023:12:13 11:51:45,39140.4
1,2023:12:13 11:52:45,20567.5
1,2023:12:13 11:53:45,16230.7
1,2023:12:13 11:54:45,19162.2
1,2023:12:13 11:55:45,24368
1,2023:12:13 11:56:45,6842.9
1,2023:12:13 11:57:45,19417.1
1,2023:12:13 11:58:45,37178.7
1,2023:12:13 11:59:45,37444.2
1,2023:12:13 12:00:45,23362.9
1,2023:12:13 12:01:45,32972.8
1,2023:12:13 12:02:45,27474
1,2023:12:13 12:03:45,23415.5
1,2023:12:13 12:04:45,3659.42
1,2023:12:13 12:05:45,19099.8
1,2023:12:13 12:06:45,33256.7
1,2023:12:13 12:07:45,16938.7
1,2023:12:13 12:08:45,211.79
1,2023:12:13 12:09:45,39574.7
1,2023:12:13 12:10:45,3745.28
1,2023:12:13 12:11:45,17552.2
1,2023:12:13 12:12:45,20540.8
1,2023:12:13 12:13:45,20147.4
1,2023:12:13 12:14:45,6568.58
1,2023:12:13 12:15:45,19353.6
1,2023:12:13 12:16:45,2519.92
1,2023:12:13 12:17:45,9354.19
1,2023:12:13 12:18:45,35525.9
1,2023:12:13 12:19:45,21713.1
1,2023:12:13 12:20:45,16041.6
1,2023:12:13 12:21:45,38684.8
1,2023:12:13 12:22:45,25963.4
1,2023:12:13 12:23:45,1718.95
1,2023:12:13 12:24:45,14915.5
1,2023:12:13 12:25:45,5125.54
1,2023:12:13 12:26:45,31196.7
1,2023:12:13 12:27:45,21758.3
1,2023:12:13 12:28:45,29652.3
1,2023:12:13 12:29:45,33485.2
1,2023:12:13 12:30:45,19202.5
1,2023:12:13 12:31:45,13015.2
1,2023:12:13 12:32:45,26458
1,2023:12:13 12:33:45,11786.3
1,2023:12:13 12:34:45,1540.56
1,2023:12:13 12:35:45,30117.3
1,2023:12:13 12:36:45,35995.8
1,2023:12:13 12:37:45,34797.2
1,2023:12:13 12:38:45,7056
1,2023:12:13 12:39:45,1317.39
1,2023:12:13 12:40:45,39481.7
1,2023:12:13 12:41:45,15911
1,2023:12:13 12:42:45,18869.5
1,2023:12:13 12:43:45,20022.4
1,2023:12:13 12:44:45,1168.22
1,2023:12:13 12:45:45,25438
1,2023:12:13 12:46:45,4485.88
1,2023:12:13 12:47:45,8797.87
1,2023:12:13 12:48:45,39901.9
1,2023:12:13 12:49:45,11.78
1,2023:12:13 12:50:45,30510.9
1,2023:12:13 12:51:45,21053.3
1,2023:12:13 12:52:45,38696.5
1,2023:12:13 12:53:45,21584.1
1,2023:12:13 12:54:45,22772.2
1,2023:12:13 12:55:45,18721.8
1,2023:12:13 12:56:45,26709.5
1,2023:12:13 12:57:45,13968.9
1,2023:12:13 12:58:45,480.04
1,2023:12:13 12:59:45,16361.8
1,2023:12:13 13:00:45,12563.9
1,2023:12:13 13:01:45,24792.2
1,2023:12:13 13:02:45,34486.8
1,2023:12:13 13:03:45,39021.8
1,2023:12:13 13:04:45,1688.37
1,2023:12:13 13:05:45,1137.16
1,2023:12:13 13:06:45,29139.1
1,2023:12:13 13:07:45,37684.1
1,2023:12:13 13:08:45,35934.2
1,2023:12:13 13:09:45,1304.91
1,2023:12:13 13:10:45,39001.3
1,2023:12:13 13:11:45,525.8
1,2023:12:13 13:12:45,22325.6
1,2023:12:13 13:13:45,22980.7
1,2023:12:13 13:14:45,20548.1
1,2023:12:13 13:15:45,23493.8
1,2023:12:13 13:16:45,8418.69
1,2023:12:13 13:17:45,25033.9
1,2023:12:13 13:18:45,37401.3
1,2023:12:13 13:19:45,13430.4
1,2023:12:13 13:20:45,30155.4
1,2023:12:13 13:21:45,27912.2
1,2023:12:13 13:22:45,34483.7
1,2023:12:13 13:23:45,28851.9
1,2023:12:13 13:24:45,9496.34
1,2023:12:13 13:25:45,17255.8
1,2023:12:13 13:26:45,7573.66
1,2023:12:13 13:27:45,1315.68
1,2023:12:13 13:28:45,36334.4
1,2023:12:13 13:29:45,13163.4
1,2023:12:13 13:30:45,22787.2
1,2023:12:13 13:31:45,8898.32
1,2023:12:13 13:32:45,37955.6
1,2023:12:13 13:33:45,22383.8
1,2023:12:13 13:34:45,13029.9
1,2023:12:13 13:35:45,4753.77
1,2023:12:13 13:36:45,23520.9
1,2023:12:13 13:37:45,7278.84
1,2023:12:13 13:38:45,2437.82
1,2023:12:13 13:39:45,24564.9
1,2023:12:13 13:40:45,8583.66
1,2023:12:13 13:41:45,6548.98
1,2023:12:13 13:42:45,25090.6
1,2023:12:13 13:43:45,36019
1,2023:12:13 13:44:45,29529.6
1,2023:12:13 13:45:45,10748.6
1,2023:12:13 13:46:45,24622.6
1,2023:12:13 13:47:45,3058.08
1,2023:12:13 13:48:45,892.32
1,2023:12:13 13:49:45,22023.9
1,2023:12:13 13:50:45,16488.4
1,2023:12:13 13:51:45,31047.6
1,2023:12:13 13:52:45,9936.2
1,2023:12:13 13:53:45,10972.1
1,2023:12:13 13:54:45,25009.3
1,2023:12:13 13:55:45,24542.3
1,2023:12:13 13:56:45,33337.6
1,2023:12:13 13:57:45,37692.7
1,2023:12:13 13:58:45,30967.7
1,2023:12:13 13:59:45,34781.9
1,2023:12:13 14:00:45,10856.1
1,2023:12:13 14:01:45,18864.7
1,2023:12:13 14:02:45,3680.19
1,2023:12:13 14:03:45,13921.5
1,2023:12:13 14:04:45,1248.58
1,2023:12:13 14:05:45,21819.8
1,2023:12:13 14:06:45,18675.2
1,2023:12:13 14:07:45,29879.2
1,2023:12:13 14:08:45,29098.6
1,2023:12:13 14:09:45,26222.8
1,2023:12:13 14:10:45,14444.2
1,2023:12:13 14:11:45,2792.07
1,2023:12:13 14:12:45,32771.6
1,2023:12:13 14:13:45,4644.62
1,2023:12:13 14:14:45,38811
1,2023:12:13 14:15:45,27411
1,2023:12:13 14:16:45,15393.1
1,2023:12:13 14:17:45,23433.6
1,2023:12:13 14:18:45,30469
1,2023:12:13 14:19:45,21395.2
1,2023:12:13 14:20:45,5457.52
1,2023:12:13 14:21:45,6957.41
1,2023:12:13 14:22:45,12442.8
1,2023:12:13 14:23:45,20503.4
1,2023:12:13 14:24:45,17929.4
1,2023:12:13 14:25:45,37452
1,2023:12:13 14:26:45,10155.5
1,2023:12:13 14:27:45,16376.8
1,2023:12:13 14:28:45,35144.7
1,2023:12:13 14:29:45,1123.19
1,2023:12:13 14:30:45,11158.7
1,2023:12:13 14:31:45,11110.7
1,2023:12:13 14:32:45,25097.6
1,2023:12:13 14:33:45,19948.6
1,2023:12:13 14:34:45,30142
1,2023:12:13 14:35:45,26346.1
1,2023:12:13 14:36:45,1768.45
1,2023:12:13 14:37:45,13927
1,2023:12:13 14:38:45,21335.2
1,2023:12:13 14:39:45,35976.8
1,2023:12:13 14:40:45,149.76
1,2023:12:13 14:41:45,889.14
1,2023:12:13 14:42:45,38768.7
1,2023:12:13 14:43:45,38031.1
1,2023:12:13 14:44:45,5533.67
1,2023:12:13 14:45:45,2689.64
1,2023:12:13 14:46:45,25442.1
1,2023:12:13 14:47:45,26036.5
1,2023:12:13 14:48:45,31232.9
1,2023:12:13 14:49:45,15911.1
1,2023:12:13 14:50:45,7431.66
1,2023:12:13 14:51:45,1800.28
1,2023:12:13 14:52:45,22868.5
1,2023:12:13 14:53:45,19874.3
1,2023:12:13 14:54:45,27413.5
1,2023:12:13 14:55:45,5907.66
1,2023:12:13 14:56:45,22436.2
1,2023:12:13 14:57:45,37568.9
1,2023:12:13 14:58:45,27394.2
1,2023:12:13 14:59:45,22690.8
1,2023:12:13 15:00:45,3801.88
1,2023:12:13 15:01:45,38552.8
1,2023:12:13 15:02:45,38911.2
1,2023:12:13 15:03:45,28899.4
1,2023:12:13 15:04:45,18501.4
1,2023:12:13 15:05:45,29053.2
1,2023:12:13 15:06:45,20355.4
1,2023:12:13 15:07:45,25379.6
1,2023:12:13 15:08:45,2980.17
1,2023:12:13 15:09:45,1690.54
1,2023:12:13 15:10:45,21356.3
1,2023:12:13 15:11:45,3129.83
1,2023:12:13 15:12:45,2579.59
1,2023:12:13 15:13:45,25234.9
1,2023:12:13 15:14:45,1160.95
1,2023:12:13 15:15:45,13223
1,2023:12:13 15:16:45,33034.3
1,2023:12:13 15:17:45,31712.8
1,2023:12:13 15:18:45,4369.3
1,2023:12:13 15:19:45,29377
1,2023:12:13 15:20:45,7623.95
1,2023:12:13 15:21:45,11800.9
1,2023:12:13 15:22:45,31177.2
1,2023:12:13 15:23:45,35602.1
1,2023:12:13 15:24:45,36784.9
1,2023:12:13 15:25:45,23700.5
1,2023:12:13 15:26:45,1509.79
1,2023:12:13 15:27:45,24330.9
1,2023:12:13 15:28:45,26379.2
1,2023:12:13 15:29:45,34013.7
1,2023:12:13 15:30:45,7021.69
1,2023:12:13 15:31:45,30181
1,2023:12:13 15:32:45,32566.5
1,2023:12:13 15:33:45,11042.7
1,2023:12:13 15:34:45,24190.2
1,2023:12:13 15:35:45,16177.7
1,2023:12:13 15:36:45,95.86
1,2023:12:13 15:37:45,4545.59
1,2023:12:13 15:38:45,1557.33
1,2023:12:13 15:39:45,3075.93
1,2023:12:13 15:40:45,11345.9
1,2023:12:13 15:41:45,28023.4
1,2023:12:13 15:42:45,11315.5
1,2023:12:13 15:43:45,19035.2
1,2023:12:13 15:44:45,18368.1
1,2023:12:13 15:45:45,17586.2
1,2023:12:13 15:46:45,37367.9
1,2023:12:13 15:47:45,16512.2
1,2023:12:13 15:48:45,9298.97
1,2023:12:13 15:49:45,1737.17
1,2023:12:13 15:50:45,5889.23
1,2023:12:13 15:51:45,22032.7
1,2023:12:13 15:52:45,18647.8
1,2023:12:13 15:53:45,2176.26
1,2023:12:13 15:54:45,17634.8
1,2023:12:13 15:55:45,20542.5
1,2023:12:13 15:56:45,25876.6
1,2023:12:13 15:57:45,24254.3
1,2023:12:13 15:58:45,4873.44
1,2023:12:13 15:59:45,12255.8
1,2023:12:13 16:00:45,18268
1,2023:12:13 16:01:45,17004.9
1,2023:12:13 16:02:45,7546.6
1,2023:12:13 16:03:45,10834.5
1,2023:12:13 16:04:45,28047.5
1,2023:12:13 16:05:45,31736.7
1,2023:12:13 16:06:45,32122
1,2023:12:13 16:07:45,33253
1,2023:12:13 16:08:45,1392.12
1,2023:12:13 16:09:45,38789
1,2023:12:13 16:10:45,1438.79
1,2023:12:13 16:11:45,12737.9
1,2023:12:13 16:12:45,31922.2
1,2023:12:13 16:13:45,12754.2
1,2023:12:13 16:14:45,36882.8
1,2023:12:13 16:15:45,10290.4
1,2023:12:13 16:16:45,35450.1
1,2023:12:13 16:17:45,34250.6
1,2023:12:13 16:18:45,26802.5
1,2023:12:13 16:19:45,9858.85
1,2023:12:13 16:20:45,1097.61
1,2023:12:13 16:21:45,37801.4
1,2023:12:13 16:22:45,31891.4
1,2023:12:13 16:23:45,19745.3
1,2023:12:13 16:24:45,39977.6
1,2023:12:13 16:25:45,9526.18
1,2023:12:13 16:26:45,287.77
1,2023:12:13 16:27:45,30964.1
1,2023:12:13 16:28:45,33780.4
1,2023:12:13 16:29:45,10270.9
1,2023:12:13 16:30:45,3219.89
1,2023:12:13 16:31:45,12048.4
1,2023:12:13 16:32:45,27275.7
1,2023:12:13 16:33:45,10766.4
1,2023:12:13 16:34:45,27992.6
1,2023:12:13 16:35:45,20433
1,2023:12:13 16:36:45,7612.92
1,2023:12:13 16:37:45,20114.6
1,2023:12:13 16:38:45,13686
1,2023:12:13 16:39:45,9004.94
1,2023:12:13 16:40:45,18903.6
1,2023:12:13 16:41:45,15124.7
1,2023:12:13 16:42:45,26852.5
1,2023:12:13 16:43:45,10825.9
1,2023:12:13 16:44:45,32988.6
1,2023:12:13 16:45:45,28845.1
1,2023:12:13 16:46:45,26226
1,2023:12:13 16:47:45,28438.7
1,2023:12:13 16:48:45,23095.7
1,2023:12:13 16:49:45,18138.3
1,2023:12:13 16:50:45,38297.4
1,2023:12:13 16:51:45,29303.1
1,2023:12:13 16:52:45,15939.7
1,2023:12:13 16:53:45,35298.6
1,2023:12:13 16:54:45,14158.2
1,2023:12:13 16:55:45,21027.2
1,2023:12:13 16:56:45,4824.81
1,2023:12:13 16:57:45,14445.8
1,2023:12:13 16:58:45,11991.2
1,2023:12:13 16:59:45,38605.1
1,2023:12:13 17:00:45,29826.5
1,2023:12:13 17:01:45,20320.9
1,2023:12:13 17:02:45,15763.3
1,2023:12:13 17:03:45,17102.2
1,2023:12:13 17:04:45,31087.2
1,2023:12:13 17:05:45,8865.71
1,2023:12:13 17:06:45,2645
1,2023:12:13 17:07:45,38700
1,2023:12:13 17:08:45,28980.2
1,2023:12:13 17:09:45,16330.9
1,2023:12:13 17:10:45,12814.8
1,2023:12:13 17:11:45,12993.7
1,2023:12:13 17:12:45,36565.3
1,2023:12:13 17:13:45,39667.2
1,2023:12:13 17:14:45,28929.3
1,2023:12:13 17:15:45,29554
1,2023:12:13 17:16:45,28512.3
1,2023:12:13 17:17:45,20265.1
1,2023:12:13 17:18:45,23102.4
1,2023:12:13 17:19:45,16717.9
1,2023:12:13 17:20:45,38403.3
1,2023:12:13 17:21:45,26509.7
1,2023:12:13 17:22:45,11130.8
1,2023:12:13 17:23:45,19452.8
1,2023:12:13 17:24:45,21808.3
1,2023:12:13 17:25:45,25288.8
1,2023:12:13 17:26:45,480.02
1,2023:12:13 17:27:45,31742.8
1,2023:12:13 17:28:45,4844.51
1,2023:12:13 17:29:45,17581
1,2023:12:13 17:30:45,35457.7
1,2023:12:13 17:31:45,34670.9
1,2023:12:13 17:32:45,37901.8
1,2023:12:13 17:33:45,11221
1,2023:12:13 17:34:45,16882.9
1,2023:12:13 17:35:45,34098.7
1,2023:12:13 17:36:45,20086.6
1,2023:12:13 17:37:45,19527.8
1,2023:12:13 17:38:45,37908.5
1,2023:12:13 17:39:45,14176.6
1,2023:12:13 17:40:45,968.59
1,2023:12:13 17:41:45,10723.3
1,2023:12:13 17:42:45,32280
1,2023:12:13 17:43:45,37533.8
1,2023:12:13 17:44:45,15500.3
1,2023:12:13 17:45:45,26319.1
1,2023:12:13 17:46:45,32197.6
1,2023:12:13 17:47:45,9122.43
1,2023:12:13 17:48:45,6584.21
1,2023:12:13 17:49:45,15300.1
1,2023:12:13 17:50:45,30950
1,2023:12:13 17:51:45,4987.49
1,2023:12:13 17:52:45,6919.55
1,2023:12:13 17:53:45,2080.8
1,2023:12:13 17:54:45,29550.1
1,2023:12:13 17:55:45,28727.8
1,2023:12:13 17:56:45,27369.5
1,2023:12:13 17:57:45,30030
1,2023:12:13 17:58:45,25580.4
1,2023:12:13 17:59:45,37323.8
1,2023:12:13 18:00:45,7610.98
1,2023:12:13 18:01:45,21038.1
1,2023:12:13 18:02:45,31994.7
1,2023:12:13 18:03:45,10622.6
1,2023:12:13 18:04:45,32259
1,2023:12:13 18:05:45,13987.5
1,2023:12:13 18:06:45,4721.3
1,2023:12:13 18:07:45,17455.5
1,2023:12:13 18:08:45,38625
1,2023:12:13 18:09:45,2629.85
1,2023:12:13 18:10:45,36741.8
1,2023:12:13 18:11:45,4703.43
1,2023:12:13 18:12:45,18462.9
1,2023:12:13 18:13:45,34131.7
1,2023:12:13 18:14:45,2237.27
1,2023:12:13 18:15:45,33963.1
1,2023:12:13 18:16:45,20450.8
1,2023:12:13 18:17:45,39544.6
1,2023:12:13 18:18:45,3085.5
1,2023:12:13 18:19:45,27034.9
1,2023:12:13 18:20:45,19954.5
1,2023:12:13 18:21:45,34035.4
1,2023:12:13 18:22:45,37132.1
1,2023:12:13 18:23:45,26874
1,2023:12:13 18:24:45,1226.06
1,2023:12:13 18:25:45,26682.2
1,2023:12:13 18:26:45,20711.5
1,2023:12:13 18:27:45,28595.5
1,2023:12:13 18:28:45,21822
1,2023:12:13 18:29:45,6291.94
1,2023:12:13 18:30:45,31029.1
1,2023:12:13 18:31:45,34542.7
1,2023:12:13 18:32:45,27330
1,2023:12:13 18:33:45,28133.6
1,2023:12:13 18:34:45,5165.28
1,2023:12:13 18:35:45,24698.8
1,2023:12:13 18:36:45,2121.08
1,2023:12:13 18:37:45,9886.49
1,2023:12:13 18:38:45,7264.13
1,2023:12:13 18:39:45,5855.92
1,2023:12:13 18:40:45,17626.1
1,2023:12:13 18:41:45,9115.79
1,2023:12:13 18:42:45,10559.2
1,2023:12:13 18:43:45,36088.8
1,2023:12:13 18:44:45,3247.48
1,2023:12:13 18:45:45,17906.2
1,2023:12:13 18:46:45,30051.9
1,2023:12:13 18:47:45,28808
1,2023:12:13 18:48:45,17450.9
1,2023:12:13 18:49:45,38247.1
1,2023:12:13 18:50:45,15842.9
1,2023:12:13 18:51:45,37405.3
1,2023:12:13 18:52:45,37392.4
1,2023:12:13 18:53:45,18084.9
1,2023:12:13 18:54:45,29389
1,2023:12:13 18:55:45,38618.3
1,2023:12:13 18:56:45,4767.1
1,2023:12:13 18:57:45,15210.4
1,2023:12:13 18:58:45,32323.7
1,2023:12:13 18:59:45,26589
1,2023:12:13 19:00:45,26612.1
1,2023:12:13 19:01:45,23352.8
1,2023:12:13 19:02:45,21131.7
1,2023:12:13 19:03:45,19051.9
1,2023:12:13 19:04:45,11486.4
1,2023:12:13 19:05:45,31406.7
1,2023:12:13 19:06:45,3750.69
1,2023:12:13 19:07:45,18717.2
1,2023:12:13 19:08:45,6403.05
1,2023:12:13 19:09:45,16124.5
1,2023:12:13 19:10:45,24573
1,2023:12:13 19:11:45,24029
1,2023:12:13 19:12:45,25240.2
1,2023:12:13 19:13:45,35132.2
1,2023:12:13 19:14:45,20117.8
1,2023:12:13 19:15:45,33597.4
1,2023:12:13 19:16:45,13038.4
1,2023:12:13 19:17:45,15279.5
1,2023:12:13 19:18:45,27515.3
1,2023:12:13 19:19:45,35599
1,2023:12:13 19:20:45,18636.5
1,2023:12:13 19:21:45,3358.21
1,2023:12:13 19:22:45,38114.1
1,2023:12:13 19:23:45,16028.9
1,2023:12:13 19:24:45,26552.8
1,2023:12:13 19:25:45,27503.1
1,2023:12:13 19:26:45,14647.2
1,2023:12:13 19:27:45,31319.8
1,2023:12:13 19:28:45,2713.54
1,2023:12:13 19:29:45,12080.7
1,2023:12:13 19:30:45,23018.7
1,2023:12:13 19:31:45,29325.5
1,2023:12:13 19:32:45,35433.4
1,2023:12:13 19:33:45,9260.23
1,2023:12:13 19:34:45,8377.37
1,2023:12:13 19:35:45,12029.6
1,2023:12:13 19:36:45,666.98
1,2023:12:13 19:37:45,17237.8
1,2023:12:13 19:38:45,30746.7
1,2023:12:13 19:39:45,7069.93
1,2023:12:13 19:40:45,38472.1
1,2023:12:13 19:41:45,15319.7
1,2023:12:13 19:42:45,31098.8
1,2023:12:13 19:43:45,28822.1
1,2023:12:13 19:44:45,15561.7
1,2023:12:13 19:45:45,16326.5
1,2023:12:13 19:46:45,27529.4
1,2023:12:13 19:47:45,33709.8
1,2023:12:13 19:48:45,36715.8
1,2023:12:13 19:49:45,15044.6
1,2023:12:13 19:50:45,29308.8
1,2023:12:13 19:51:45,15352.3
1,2023:12:13 19:52:45,18402.7
1,2023:12:13 19:53:45,27422.9
1,2023:12:13 19:54:45,31381
1,2023:12:13 19:55:45,10065.4
1,2023:12:13 19:56:45,20035.9
1,2023:12:13 19:57:45,11138.1
1,2023:12:13 19:58:45,1385.22
1,2023:12:13 19:59:45,22749.3
1,2023:12:13 20:00:45,23218.7
1,2023:12:13 20:01:45,29513.6
1,2023:12:13 20:02:45,17184.7
1,2023:12:13 20:03:45,23761.8
1,2023:12:13 20:04:45,38773.8
1,2023:12:13 20:05:45,30671.7
1,2023:12:13 20:06:45,35791.3
1,2023:12:13 20:07:45,4550.55
1,2023:12:13 20:08:45,13019.4
1,2023:12:13 20:09:45,26538
1,2023:12:13 20:10:45,11620.4
1,2023:12:13 20:11:45,11491.4
1,2023:12:13 20:12:45,6967.54
1,2023:12:13 20:13:45,7829.06
1,2023:12:13 20:14:45,5423.32
1,2023:12:13 20:15:45,27639
1,2023:12:13 20:16:45,29265.3
1,2023:12:13 20:17:45,32952.6
1,2023:12:13 20:18:45,21348.8
1,2023:12:13 20:19:45,25981.1
1,2023:12:13 20:20:45,7997.21
1,2023:12:13 20:21:45,15767.4
1,2023:12:13 20:22:45,6443.17
1,2023:12:13 20:23:45,31509.7
1,2023:12:13 20:24:45,3190.36
1,2023:12:13 20:25:45,37824.1
1,2023:12:13 20:26:45,1575.06
1,2023:12:13 20:27:45,23226.1
1,2023:12:13 20:28:45,14072
1,2023:12:13 20:29:45,8070.01
1,2023:12:13 20:30:45,11085.3
1,2023:12:13 20:31:45,2400.5
1,2023:12:13 20:32:45,37583.5
1,2023:12:13 20:33:45,33379.7
1,2023:12:13 20:34:45,26162.2
1,2023:12:13 20:35:45,1467.2
1,2023:12:13 20:36:45,29161.2
1,2023:12:13 20:37:45,21953.6
1,2023:12:13 20:38:45,11127.5
1,2023:12:13 20:39:45,7290.39
1,2023:12:13 20:40:45,13601.4
1,2023:12:13 20:41:45,27857.6
1,2023:12:13 20:42:45,23891.5
1,2023:12:13 20:43:45,25678.7
1,2023:12:13 20:44:45,796.47
1,2023:12:13 20:45:45,29314.7
1,2023:12:13 20:46:45,18427.5
1,2023:12:13 20:47:45,30061.7
1,2023:12:13 20:48:45,22267.3
1,2023:12:13 20:49:45,4886.08
1,2023:12:13 20:50:45,21152.5
1,2023:12:13 20:51:45,30264.4
1,2023:12:13 20:52:45,20653.4
1,2023:12:13 20:53:45,27595.6
1,2023:12:13 20:54:45,26883.9
1,2023:12:13 20:55:45,28953.5
1,2023:12:13 20:56:45,30529.6
1,2023:12:13 20:57:45,28458.9
1,2023:12:13 20:58:45,17289.5
1,2023:12:13 20:59:45,4601.59
1,2023:12:13 21:00:45,36528.8
1,2023:12:13 21:01:45,33484.5
1,2023:12:13 21:02:45,7002
1,2023:12:13 21:03:45,39222.2
1,2023:12:13 21:04:45,31974
1,2023:12:13 21:05:45,38274
1,2023:12:13 21:06:45,5799.18
1,2023:12:13 21:07:45,21135.2
1,2023:12:13 21:08:45,20227.6
1,2023:12:13 21:09:45,16926.6
1,2023:12:13 21:10:45,33535.3
1,2023:12:13 21:11:45,38938.7
1,2023:12:13 21:12:45,9893.97
1,2023:12:13 21:13:45,17426.8
1,2023:12:13 21:14:45,29727.2
1,2023:12:13 21:15:45,10690.3
1,2023:12:13 21:16:45,6741.54
1,2023:12:13 21:17:45,8154.7
1,2023:12:13 21:18:45,752
1,2023:12:13 21:19:45,34118.6
1,2023:12:13 21:20:45,13040.7
1,2023:12:13 21:21:45,27014.3
1,2023:12:13 21:22:45,29492.8
1,2023:12:13 21:23:45,38803.8
1,2023:12:13 21:24:45,14609.9
1,2023:12:13 21:25:45,16376.8
1,2023:12:13 21:26:45,27757.3
1,2023:12:13 21:27:45,10249.3
1,2023:12:13 21:28:45,4835.68
1,2023:12:13 21:29:45,10156.6
1,2023:12:13 21:30:45,19960.6
1,2023:12:13 21:31:45,6474.31
1,2023:12:13 21:32:45,3641.09
1,2023:12:13 21:33:45,32072.3
1,2023:12:13 21:34:45,10806.3
1,2023:12:13 21:35:45,35614.9
1,2023:12:13 21:36:45,30346.3
1,2023:12:13 21:37:45,16605.4
1,2023:12:13 21:38:45,21859.9
1,2023:12:13 21:39:45,15683.7
1,2023:12:13 21:40:45,38641.7
1,2023:12:13 21:41:45,15395.2
1,2023:12:13 21:42:45,14622.4
1,2023:12:13 21:43:45,8535.64
1,2023:12:13 21:44:45,37931.8
1,2023:12:13 21:45:45,4349.64
1,2023:12:13 21:46:45,24335.7
1,2023:12:13 21:47:45,4673.3
1,2023:12:13 21:48:45,17614.1
1,2023:12:13 21:49:45,30197.4
1,2023:12:13 21:50:45,3901.71
1,2023:12:13 21:51:45,30654.7
1,2023:12:13 21:52:45,17211.7
1,2023:12:13 21:53:45,33394.5
1,2023:12:13 21:54:45,34568.3
1,2023:12:13 21:55:45,36931.3
1,2023:12:13 21:56:45,9771.24
1,2023:12:13 21:57:45,22325.7
1,2023:12:13 21:58:45,7180.64
1,2023:12:13 21:59:45,14606.8
1,2023:12:13 22:00:45,32482.2
1,2023:12:13 22:01:45,27141.2
1,2023:12:13 22:02:45,26190.9
1,2023:12:13 22:03:45,1233.09
1,2023:12:13 22:04:45,24323.3
1,2023:12:13 22:05:45,36997.1
1,2023:12:13 22:06:45,36847.9
1,2023:12:13 22:07:45,14669.6
1,2023:12:13 22:08:45,18712.3
1,2023:12:13 22:09:45,23817.7
1,2023:12:13 22:10:45,30353.2
1,2023:12:13 22:11:45,22463.7
1,2023:12:13 22:12:45,4322.75
1,2023:12:13 22:13:45,10085.5
1,2023:12:13 22:14:45,30999.3
1,2023:12:13 22:15:45,2254.5
1,2023:12:13 22:16:45,19544.8
1,2023:12:13 22:17:45,20444.8
1,2023:12:13 22:18:45,12037.5
1,2023:12:13 22:19:45,37158.8
1,2023:12:13 22:20:45,10642.2
1,2023:12:13 22:21:45,15939.1
1,2023:12:13 22:22:45,32923.3
1,2023:12:13 22:23:45,27853.8
1,2023:12:13 22:24:45,9333.59
1,2023:12:13 22:25:45,27491.6
1,2023:12:13 22:26:45,24785.2
1,2023:12:13 22:27:45,24214.6
1,2023:12:13 22:28:45,14927.1
1,2023:12:13 22:29:45,37075.6
1,2023:12:13 22:30:45,3931.21
1,2023:12:13 22:31:45,12519.1
1,2023:12:13 22:32:45,29326.5
1,2023:12:13 22:33:45,30122
1,2023:12:13 22:34:45,13752.1
1,2023:12:13 22:35:45,13649.9
1,2023:12:13 22:36:45,27119
1,2023:12:13 22:37:45,10600
1,2023:12:13 22:38:45,33429.2
1,2023:12:13 22:39:45,10941.1
1,2023:12:13 22:40:45,39527.4
1,2023:12:13 22:41:45,28892.3
1,2023:12:13 22:42:45,33404.8
1,2023:12:13 22:43:45,3850.18
1,2023:12:13 22:44:45,38977.7
1,2023:12:13 22:45:45,29513.9
1,2023:12:13 22:46:45,6104.59
1,2023:12:13 22:47:45,23632.3
1,2023:12:13 22:48:45,9958.67
1,2023:12:13 22:49:45,18142
1,2023:12:13 22:50:45,25901
1,2023:12:13 22:51:45,20600.8
1,2023:12:13 22:52:45,39190.9
1,2023:12:13 22:53:45,23934.1
1,2023:12:13 22:54:45,13564.5
1,2023:12:13 22:55:45,13634.3
1,2023:12:13 22:56:45,11425.7
1,2023:12:13 22:57:45,38349.6
1,2023:12:13 22:58:45,37848.7
1,2023:12:13 22:59:45,31462.5
1,2023:12:13 23:00:45,535.05
1,2023:12:13 23:01:45,1779.95
1,2023:12:13 23:02:45,3981.54
1,2023:12:13 23:03:45,34971.3
1,2023:12:13 23:04:45,31901.8
1,2023:12:13 23:05:45,17733.5
1,2023:12:13 23:06:45,8621.17
1,2023:12:13 23:07:45,24130.7
1,2023:12:13 23:08:45,33443.2
1,2023:12:13 23:09:45,7160.22
1,2023:12:13 23:10:45,35071.7
1,2023:12:13 23:11:45,32970.7
1,2023:12:13 23:12:45,36052.4
1,2023:12:13 23:13:45,28476.5
1,2023:12:13 23:14:45,1930.69
1,2023:12:13 23:15:45,139.98
1,2023:12:13 23:16:45,23100.1
1,2023:12:13 23:17:45,8035.18
1,2023:12:13 23:18:45,23772.2
1,2023:12:13 23:19:45,33058.7
1,2023:12:13 23:20:45,31286.9
1,2023:12:13 23:21:45,9673.15
1,2023:12:13 23:22:45,18769.3
1,2023:12:13 23:23:45,35587.6
1,2023:12:13 23:24:45,33607.1
1,2023:12:13 23:25:45,32333.7
1,2023:12:13 23:26:45,9221.89
1,2023:12:13 23:27:45,10142.6
1,2023:12:13 23:28:45,35793.1
1,2023:12:13 23:29:45,7070.64
1,2023:12:13 23:30:45,6714.88
1,2023:12:13 23:31:45,36328.1
1,2023:12:13 23:32:45,13960.3
1,2023:12:13 23:33:45,10696.3
1,2023:12:13 23:34:45,31299.4
1,2023:12:13 23:35:45,5862.14
1,2023:12:13 23:36:45,33539.6
1,2023:12:13 23:37:45,5030.39
1,2023:12:13 23:38:45,35102.6
1,2023:12:13 23:39:45,32092.6
1,2023:12:13 23:40:45,12190.5
1,2023:12:13 23:41:45,30174.2
1,2023:12:13 23:42:45,25063.3
1,2023:12:13 23:43:45,13352.7
1,2023:12:13 23:44:45,23760.5
1,2023:12:13 23:45:45,32103.8
1,2023:12:13 23:46:45,13492.6
1,2023:12:13 23:47:45,6860.67
1,2023:12:13 23:48:45,138.93
1,2023:12:13 23:49:45,37264.7
1,2023:12:13 23:50:45,5029.21
1,2023:12:13 23:51:45,36535.6
1,2023:12:13 23:52:45,12047.7
1,2023:12:13 23:53:45,23798.5
1,2023:12:13 23:54:45,32123.2
1,2023:12:13 23:55:45,5654.81
1,2023:12:13 23:56:45,16132.2
1,2023:12:13 23:57:45,6454.9
1,2023:12:13 23:58:45,20907.1
1,2023:12:13 23:59:45,17035.2
1,2023:12:14 00:00:45,13525.4
1,2023:12:14 00:01:45,27621.9
1,2023:12:14 00:02:45,18473.1
1,2023:12:14 00:03:45,27485.7
1,2023:12:14 00:04:45,3428.07
1,2023:12:14 00:05:45,9772.46
1,2023:12:14 00:06:45,38457.5
1,2023:12:14 00:07:45,36967.5
1,2023:12:14 00:08:45,19912.6
1,2023:12:14 00:09:45,33560.1
1,2023:12:14 00:10:45,29060.2
1,2023:12:14 00:11:45,37212.8
1,2023:12:14 00:12:45,28844.1
1,2023:12:14 00:13:45,19233.3
1,2023:12:14 00:14:45,10565.5
1,2023:12:14 00:15:45,17714.5
1,2023:12:14 00:16:45,11337.1
1,2023:12:14 00:17:45,29167.9
1,2023:12:14 00:18:45,29684.9
1,2023:12:14 00:19:45,16585.7
1,2023:12:14 00:20:45,26432.6
1,2023:12:14 00:21:45,39823.8
1,2023:12:14 00:22:45,18231.1
1,2023:12:14 00:23:45,3590.12
1,2023:12:14 00:24:45,28732.1
1,2023:12:14 00:25:45,10354.3
1,2023:12:14 00:26:45,9244.84
1,2023:12:14 00:27:45,9974.14
1,2023:12:14 00:28:45,16809.1
1,2023:12:14 00:29:45,35261.7
1,2023:12:14 00:30:45,27009.2
1,2023:12:14 00:31:45,35444.3
1,2023:12:14 00:32:45,22883.6
1,2023:12:14 00:33:45,5482.27
1,2023:12:14 00:34:45,28039.8
1,2023:12:14 00:35:45,26311.6
1,2023:12:14 00:36:45,20364.5
1,2023:12:14 00:37:45,31607.1
1,2023:12:14 00:38:45,28388.9
1,2023:12:14 00:39:45,277.03
1,2023:12:14 00:40:45,30277
1,2023:12:14 00:41:45,22559
1,2023:12:14 00:42:45,2599.66
1,2023:12:14 00:43:45,24231
1,2023:12:14 00:44:45,1792.29
1,2023:12:14 00:45:45,18274.9
1,2023:12:14 00:46:45,1945.44
1,2023:12:14 00:47:45,18239.1
1,2023:12:14 00:48:45,7442.8
1,2023:12:14 00:49:45,36740
1,2023:12:14 00:50:45,34824.7
1,2023:12:14 00:51:45,38985.1
1,2023:12:14 00:52:45,36563.9
1,2023:12:14 00:53:45,13055.9
1,2023:12:14 00:54:45,2575.25
1,2023:12:14 00:55:45,25296
1,2023:12:14 00:56:45,28519.9
1,2023:12:14 00:57:45,16929.8
1,2023:12:14 00:58:45,35270
1,2023:12:14 00:59:45,10438.9
1,2023:12:14 01:00:45,12191.5
1,2023:12:14 01:01:45,27389
1,2023:12:14 01:02:45,10993
1,2023:12:14 01:03:45,184.94
1,2023:12:14 01:04:45,32871.2
1,2023:12:14 01:05:45,39032.6
1,2023:12:14 01:06:45,31606.2
1,2023:12:14 01:07:45,13235.7
1,2023:12:14 01:08:45,30639.7
1,2023:12:14 01:09:45,19995.2
1,2023:12:14 01:10:45,18622.4
1,2023:12:14 01:11:45,26026.5
1,2023:12:14 01:12:45,2554.14
1,2023:12:14 01:13:45,26331.8
1,2023:12:14 01:14:45,10257.5
1,2023:12:14 01:15:45,9456.15
1,2023:12:14 01:16:45,4606.73
1,2023:12:14 01:17:45,17312.7
1,2023:12:14 01:18:45,27695.2
1,2023:12:14 01:19:45,12049.4
1,2023:12:14 01:20:45,14052.7
1,2023:12:14 01:21:45,27629.7
1,2023:12:14 01:22:45,11034.5
1,2023:12:14 01:23:45,15726.4
1,2023:12:14 01:24:45,5795.42
1,2023:12:14 01:25:45,18719.5
1,2023:12:14 01:26:45,6132.18
1,2023:12:14 01:27:45,34315.2
1,2023:12:14 01:28:45,35649.2
1,2023:12:14 01:29:45,6512.02
1,2023:12:14 01:30:45,9863.94
1,2023:12:14 01:31:45,7840.74
1,2023:12:14 01:32:45,33901
1,2023:12:14 01:33:45,20856.8
1,2023:12:14 01:34:45,8025.58
1,2023:12:14 01:35:45,31882
1,2023:12:14 01:36:45,24999.3
1,2023:12:14 01:37:45,39631.7
1,2023:12:14 01:38:45,10227.5
1,2023:12:14 01:39:45,20748.8
1,2023:12:14 01:40:45,19626.9
1,2023:12:14 01:41:45,28849.8
1,2023:12:14 01:42:45,6775.39
1,2023:12:14 01:43:45,27290.8
1,2023:12:14 01:44:45,15181.6
1,2023:12:14 01:45:45,17032.8
1,2023:12:14 01:46:45,36746.8
1,2023:12:14 01:47:45,24898.1
1,2023:12:14 01:48:45,34345.3
1,2023:12:14 01:49:45,29551.8
1,2023:12:14 01:50:45,2057.33
1,2023:12:14 01:51:45,13507.9
1,2023:12:14 01:52:45,17181.5
1,2023:12:14 01:53:45,13091.8
1,2023:12:14 01:54:45,34344
1,2023:12:14 01:55:45,22976.8
1,2023:12:14 01:56:45,31811.2
1,2023:12:14 01:57:45,476.17
1,2023:12:14 01:58:45,22401.9
1,2023:12:14 01:59:45,27460.4
1,2023:12:14 02:00:45,12097.9
1,2023:12:14 02:01:45,32265.7
1,2023:12:14 02:02:45,411
1,2023:12:14 02:03:45,11108.7
1,2023:12:14 02:04:45,18232.4
1,2023:12:14 02:05:45,8436.48
1,2023:12:14 02:06:45,2990.69
1,2023:12:14 02:07:45,3231.67
1,2023:12:14 02:08:45,13178
1,2023:12:14 02:09:45,13218.1
1,2023:12:14 02:10:45,23980.4
1,2023:12:14 02:11:45,37914.7
1,2023:12:14 02:12:45,7177.72
1,2023:12:14 02:13:45,30755.7
1,2023:12:14 02:14:45,25205.4
1,2023:12:14 02:15:45,27469.1
1,2023:12:14 02:16:45,12898.3
1,2023:12:14 02:17:45,27062.1
1,2023:12:14 02:18:45,12367.1
1,2023:12:14 02:19:45,7243.68
1,2023:12:14 02:20:45,16613.9
1,2023:12:14 02:21:45,14424.4
1,2023:12:14 02:22:45,20751.5
1,2023:12:14 02:23:45,33795.3
1,2023:12:14 02:24:45,32625.9
1,2023:12:14 02:25:45,15095.5
1,2023:12:14 02:26:45,16772.1
1,2023:12:14 02:27:45,29546.9
1,2023:12:14 02:28:45,20681.3
1,2023:12:14 02:29:45,4283.84
1,2023:12:14 02:30:45,22117.2
1,2023:12:14 02:31:45,32779.2
1,2023:12:14 02:32:45,36549.5
1,2023:12:14 02:33:45,22528.1
1,2023:12:14 02:34:45,3887.86
1,2023:12:14 02:35:45,19891.7
1,2023:12:14 02:36:45,36074.3
1,2023:12:14 02:37:45,11988.3
1,2023:12:14 02:38:45,23123.3
1,2023:12:14 02:39:45,9252.32
1,2023:12:14 02:40:45,30316.1
1,2023:12:14 02:41:45,12213.5
1,2023:12:14 02:42:45,7166.98
1,2023:12:14 02:43:45,37493.7
1,2023:12:14 02:44:45,2969.22
1,2023:12:14 02:45:45,32372.3
1,2023:12:14 02:46:45,24962.8
1,2023:12:14 02:47:45,15867.5
1,2023:12:14 02:48:45,24544.2
1,2023:12:14 02:49:45,2439.73
1,2023:12:14 02:50:45,28220.9
1,2023:12:14 02:51:45,1158.11
1,2023:12:14 02:52:45,21973.8
1,2023:12:14 02:53:45,14082.1
1,2023:12:14 02:54:45,34953.3
1,2023:12:14 02:55:45,14599.7
1,2023:12:14 02:56:45,34287.3
1,2023:12:14 02:57:45,16835.2
1,2023:12:14 02:58:45,4146.63
1,2023:12:14 02:59:45,20078.5
1,2023:12:14 03:00:45,21119
1,2023:12:14 03:01:45,31373.5
1,2023:12:14 03:02:45,17967.5
1,2023:12:14 03:03:45,22778.3
1,2023:12:14 03:04:45,13901.6
1,2023:12:14 03:05:45,26965
1,2023:12:14 03:06:45,2669.98
1,2023:12:14 03:07:45,9975.9
1,2023:12:14 03:08:45,38953.2
1,2023:12:14 03:09:45,30903
1,2023:12:14 03:10:45,24337.9
1,2023:12:14 03:11:45,29269.3
1,2023:12:14 03:12:45,3116.48
1,2023:12:14 03:13:45,31504.8
1,2023:12:14 03:14:45,31872.8
1,2023:12:14 03:15:45,11195.4
1,2023:12:14 03:16:45,28987
1,2023:12:14 03:17:45,16835.6
1,2023:12:14 03:18:45,32172.6
1,2023:12:14 03:19:45,13531.2
1,2023:12:14 03:20:45,24385
1,2023:12:14 03:21:45,20393.5
1,2023:12:14 03:22:45,14689.2
1,2023:12:14 03:23:45,6358.84
1,2023:12:14 03:24:45,39585.3
1,2023:12:14 03:25:45,14752.3
1,2023:12:14 03:26:45,20958.5
1,2023:12:14 03:27:45,38982.5
1,2023:12:14 03:28:45,31587.5
1,2023:12:14 03:29:45,30214.8
1,2023:12:14 03:30:45,19061
1,2023:12:14 03:31:45,17816.3
1,2023:12:14 03:32:45,26698.2
1,2023:12:14 03:33:45,37028.3
1,2023:12:14 03:34:45,5704.38
1,2023:12:14 03:35:45,599.77
1,2023:12:14 03:36:45,23993.4
1,2023:12:14 03:37:45,8374.26
1,2023:12:14 03:38:45,15685.4
1,2023:12:14 03:39:45,22946.6
1,2023:12:14 03:40:45,4387.05
1,2023:12:14 03:41:45,23.34
1,2023:12:14 03:42:45,17325.7
1,2023:12:14 03:43:45,7503.43
1,2023:12:14 03:44:45,36637.9
1,2023:12:14 03:45:45,9198.53
1,2023:12:14 03:46:45,18698.8
1,2023:12:14 03:47:45,30734.7
1,2023:12:14 03:48:45,31143.8
1,2023:12:14 03:49:45,15981.2
1,2023:12:14 03:50:45,4265.89
1,2023:12:14 03:51:45,15528.8
1,2023:12:14 03:52:45,1484.45
1,2023:12:14 03:53:45,24064.8
1,2023:12:14 03:54:45,26997.4
1,2023:12:14 03:55:45,1069.78
1,2023:12:14 03:56:45,38817.1
1,2023:12:14 03:57:45,13065.7
1,2023:12:14 03:58:45,52.24
1,2023:12:14 03:59:45,35514.4
1,2023:12:14 04:00:45,8390.3
1,2023:12:14 04:01:45,19113.1
1,2023:12:14 04:02:45,13330.6
1,2023:12:14 04:03:45,35088.4
1,2023:12:14 04:04:45,21251.2
1,2023:12:14 04:05:45,19034.9
1,2023:12:14 04:06:45,797.96
1,2023:12:14 04:07:45,5244.63
1,2023:12:14 04:08:45,32518.9
1,2023:12:14 04:09:45,16483.3
1,2023:12:14 04:10:45,33301
1,2023:12:14 04:11:45,36905.8
1,2023:12:14 04:12:45,21616.3
1,2023:12:14 04:13:45,10626.7
1,2023:12:14 04:14:45,9519.09
1,2023:12:14 04:15:45,23364
1,2023:12:14 04:16:45,24934.9
1,2023:12:14 04:17:45,33327.6
1,2023:12:14 04:18:45,14098.7
1,2023:12:14 04:19:45,16078.8
1,2023:12:14 04:20:45,9308.74
1,2023:12:14 04:21:45,18364.5
1,2023:12:14 04:22:45,36717.3
1,2023:12:14 04:23:45,10793.1
1,2023:12:14 04:24:45,7539.17
1,2023:12:14 04:25:45,23714.7
1,2023:12:14 04:26:45,16972.6
1,2023:12:14 04:27:45,6356.24
1,2023:12:14 04:28:45,1890.19
1,2023:12:14 04:29:45,17024.7
1,2023:12:14 04:30:45,1870.6
1,2023:12:14 04:31:45,10280.4
1,2023:12:14 04:32:45,1247.66
1,2023:12:14 04:33:45,20311
1,2023:12:14 04:34:45,5368.76
1,2023:12:14 04:35:45,22498.8
1,2023:12:14 04:36:45,4455.69
1,2023:12:14 04:37:45,6166.62
1,2023:12:14 04:38:45,32853.2
1,2023:12:14 04:39:45,36974.5
1,2023:12:14 04:40:45,27759.6
1,2023:12:14 04:41:45,26154.1
1,2023:12:14 04:42:45,38990.2
1,2023:12:14 04:43:45,14485.8
1,2023:12:14 04:44:45,1890.64
1,2023:12:14 04:45:45,8509.24
1,2023:12:14 04:46:45,37849.7
1,2023:12:14 04:47:45,31935.3
1,2023:12:14 04:48:45,1836.81
1,2023:12:14 04:49:45,17058.2
1,2023:12:14 04:50:45,8014.06
1,2023:12:14 04:51:45,16255.3
1,2023:12:14 04:52:45,532.58
1,2023:12:14 04:53:45,9841.18
1,2023:12:14 04:54:45,27048.3
1,2023:12:14 04:55:45,8071.66
1,2023:12:14 04:56:45,38665.6
1,2023:12:14 04:57:45,4020.88
1,2023:12:14 04:58:45,14427.8
1,2023:12:14 04:59:45,555.8
1,2023:12:14 05:00:45,26155.3
1,2023:12:14 05:01:45,21408.1
1,2023:12:14 05:02:45,10836.1
1,2023:12:14 05:03:45,32512.7
1,2023:12:14 05:04:45,1719.07
1,2023:12:14 05:05:45,21314.6
1,2023:12:14 05:06:45,20121.4
1,2023:12:14 05:07:45,6174.66
1,2023:12:14 05:08:45,27481.1
1,2023:12:14 05:09:45,12974.5
1,2023:12:14 05:10:45,8258.97
1,2023:12:14 05:11:45,20350.5
1,2023:12:14 05:12:45,4238.49
1,2023:12:14 05:13:45,7249.12
1,2023:12:14 05:14:45,34836.2
1,2023:12:14 05:15:45,6129.03
1,2023:12:14 05:16:45,20868.1
1,2023:12:14 05:17:45,32685.9
1,2023:12:14 05:18:45,38064.2
1,2023:12:14 05:19:45,22704.8
1,2023:12:14 05:20:45,9744.11
1,2023:12:14 05:21:45,11188.1
1,2023:12:14 05:22:45,4069.9
1,2023:12:14 05:23:45,10276.6
1,2023:12:14 05:24:45,26139
1,2023:12:14 05:25:45,31118.1
1,2023:12:14 05:26:45,23458
1,2023:12:14 05:27:45,29914.5
1,2023:12:14 05:28:45,248.78
1,2023:12:14 05:29:45,37885.7
1,2023:12:14 05:30:45,30470.2
1,2023:12:14 05:31:45,31513.8
1,2023:12:14 05:32:45,24403.6
1,2023:12:14 05:33:45,6416.07
1,2023:12:14 05:34:45,29136.4
1,2023:12:14 05:35:45,26122.6
1,2023:12:14 05:36:45,27730.5
1,2023:12:14 05:37:45,9257.76
1,2023:12:14 05:38:45,37407
1,2023:12:14 05:39:45,20321.5
1,2023:12:14 05:40:45,22232.2
1,2023:12:14 05:41:45,10775.8
1,2023:12:14 05:42:45,672.02
1,2023:12:14 05:43:45,31580.4
1,2023:12:14 05:44:45,23134.6
1,2023:12:14 05:45:45,35508.1
1,2023:12:14 05:46:45,2819.26
1,2023:12:14 05:47:45,4002.69
1,2023:12:14 05:48:45,33303.8
1,2023:12:14 05:49:45,883.5
1,2023:12:14 05:50:45,31817.2
1,2023:12:14 05:51:45,8157.73
1,2023:12:14 05:52:45,17181.3
1,2023:12:14 05:53:45,35887
1,2023:12:14 05:54:45,23544
1,2023:12:14 05:55:45,8430.18
1,2023:12:14 05:56:45,32114.9
1,2023:12:14 05:57:45,7002.03
1,2023:12:14 05:58:45,38344.5
1,2023:12:14 05:59:45,37473.4
1,2023:12:14 06:00:45,4887.71
1,2023:12:14 06:01:45,33924.5
1,2023:12:14 06:02:45,34097.1
1,2023:12:14 06:03:45,34401.1
1,2023:12:14 06:04:45,340.57
1,2023:12:14 06:05:45,23233.5
1,2023:12:14 06:06:45,25633.5
1,2023:12:14 06:07:45,33180.8
1,2023:12:14 06:08:45,32491.1
1,2023:12:14 06:09:45,23040.5
1,2023:12:14 06:10:45,13502.3
1,2023:12:14 06:11:45,19833.2
1,2023:12:14 06:12:45,38925.9
1,2023:12:14 06:13:45,14174.2
1,2023:12:14 06:14:45,11413.5
1,2023:12:14 06:15:45,22060.5
1,2023:12:14 06:16:45,14792.2
1,2023:12:14 06:17:45,14232.7
1,2023:12:14 06:18:45,26063.1
1,2023:12:14 06:19:45,13205.8
1,2023:12:14 06:20:45,20225.9
1,2023:12:14 06:21:45,17880.4
1,2023:12:14 06:22:45,21363.4
1,2023:12:14 06:23:45,2517.09
1,2023:12:14 06:24:45,18877.2
1,2023:12:14 06:25:45,4907.49
1,2023:12:14 06:26:45,10947.2
1,2023:12:14 06:27:45,10992.1
1,2023:12:14 06:28:45,17019.2
1,2023:12:14 06:29:45,9291.71
1,2023:12:14 06:30:45,8465.52
1,2023:12:14 06:31:45,27016.7
1,2023:12:14 06:32:45,3216.22
1,2023:12:14 06:33:45,7672.42
1,2023:12:14 06:34:45,21417.7
1,2023:12:14 06:35:45,8666.51
1,2023:12:14 06:36:45,30905.8
1,2023:12:14 06:37:45,7051.2
1,2023:12:14 06:38:45,1847.36
1,2023:12:14 06:39:45,23396.9
1,2023:12:14 06:40:45,35201.4
1,2023:12:14 06:41:45,20459.4
1,2023:12:14 06:42:45,8339.9
1,2023:12:14 06:43:45,34127.3
1,2023:12:14 06:44:45,39743.4
1,2023:12:14 06:45:45,24863.2
1,2023:12:14 06:46:45,16187.9
1,2023:12:14 06:47:45,14535.6
1,2023:12:14 06:48:45,4205.71
1,2023:12:14 06:49:45,7360.83
1,2023:12:14 06:50:45,27741.3
1,2023:12:14 06:51:45,24431.5
1,2023:12:14 06:52:45,30350.9
1,2023:12:14 06:53:45,14214.5
1,2023:12:14 06:54:45,32058.4
1,2023:12:14 06:55:45,9228.1
1,2023:12:14 06:56:45,24231.7
1,2023:12:14 06:57:45,3005.54
1,2023:12:14 06:58:45,25329.9
1,2023:12:14 06:59:45,1250.98
1,2023:12:14 07:00:45,17407
1,2023:12:14 07:01:45,38905.2
1,2023:12:14 07:02:45,28267.6
1,2023:12:14 07:03:45,25732.9
1,2023:12:14 07:04:45,6577.6
1,2023:12:14 07:05:45,9685.3
1,2023:12:14 07:06:45,34399.3
1,2023:12:14 07:07:45,37483.3
1,2023:12:14 07:08:45,16736.4
1,2023:12:14 07:09:45,1356.52
1,2023:12:14 07:10:45,25990.1
1,2023:12:14 07:11:45,11937.8
1,2023:12:14 07:12:45,21815.8
1,2023:12:14 07:13:45,34329.9
1,2023:12:14 07:14:45,11174.9
1,2023:12:14 07:15:45,21559.2
1,2023:12:14 07:16:45,24302.9
1,2023:12:14 07:17:45,32472.5
1,2023:12:14 07:18:45,1204.63
1,2023:12:14 07:19:45,28508.5
1,2023:12:14 07:20:45,39833.2
1,2023:12:14 07:21:45,34055.6
1,2023:12:14 07:22:45,18049.8
1,2023:12:14 07:23:45,30184.1
1,2023:12:14 07:24:45,8270.15
1,2023:12:14 07:25:45,10108.2
1,2023:12:14 07:26:45,4522.06
1,2023:12:14 07:27:45,37611.6
1,2023:12:14 07:28:45,18223.5
1,2023:12:14 07:29:45,29851.9
1,2023:12:14 07:30:45,38862.5
1,2023:12:14 07:31:45,35630.4
1,2023:12:14 07:32:45,28757.1
1,2023:12:14 07:33:45,27130.1
1,2023:12:14 07:34:45,21363.3
1,2023:12:14 07:35:45,35334.6
1,2023:12:14 07:36:45,36815.3
1,2023:12:14 07:37:45,20872.4
1,2023:12:14 07:38:45,37927.7
1,2023:12:14 07:39:45,18661.5
1,2023:12:14 07:40:45,22228.8
1,2023:12:14 07:41:45,23917.8
1,2023:12:14 07:42:45,35709
1,2023:12:14 07:43:45,9154.51
1,2023:12:14 07:44:45,23357.5
1,2023:12:14 07:45:45,6883.9
1,2023:12:14 07:46:45,35823.5
1,2023:12:14 07:47:45,7660.32
1,2023:12:14 07:48:45,4466.22
1,2023:12:14 07:49:45,37028
1,2023:12:14 07:50:45,1278.62
1,2023:12:14 07:51:45,4299.45
1,2023:12:14 07:52:45,36193.4
1,2023:12:14 07:53:45,19328.4
1,2023:12:14 07:54:45,39593.3
1,2023:12:14 07:55:45,9573.42
1,2023:12:14 07:56:45,29436.5
1,2023:12:14 07:57:45,9225.2
1,2023:12:14 07:58:45,7185.03
1,2023:12:14 07:59:45,7659.96
1,2023:12:14 08:00:45,39077
1,2023:12:14 08:01:45,6047.53
1,2023:12:14 08:02:45,8400.14
1,2023:12:14 08:03:45,32943.9
1,2023:12:14 08:04:45,38287.3
1,2023:12:14 08:05:45,34873.1
